"0","betweenness(fakebook, directed = FALSE)"
"1","         1 "
"1","         2 "
"1","         A "
"1","         B "
"1","         C "
"1","         6 "
"1","         D "
"1","         3 "
"1","         4 "
"1","         5 "
"1","
"
"1"," 0.0000000 "
"1"," 8.0000000 "
"1","14.0000000 "
"1"," 9.0333333 "
"1"," 8.6000000 "
"1"," 0.9333333 "
"1"," 3.2666667 "
"1"," 4.6333333 "
"1"," 0.0000000 "
"1"," 0.5333333 "
"1","
"
